abbreviation,expansion
AGL,Above Ground Level
ATA,Actual Time Of Arrival
ATD,Actual Time Of Departure
AERO,Aeronautical
AIM,Aeronautical Information Manual
ACR,Air Carrier
AC,Air Conditioning
ADC,Air Data Computer
ADIZ,Air Defense Identification Zone
ADG,Air Driven Generator
AFB,Air Force Base
ANG,Air National Guard
ARSR,Air Route Surveillance Radar
ARTCC,Air Route Traffic Control Center
ATA,Air Traffic Area
ATC,Air Traffic Control
ACFT,Aircraft
ATP,Airline Transport Pilot Certificate
ATR,Airline Transport Rating
ARPT(S),Airport
AFD,Airport/Facility Directory
ASR,Airport Surveillance Radar
ATCT,Airport Traffic Control Tower
ATOG,Allowable Takeoff Gross Weight
AC,Alternating Current
ALT(S),Altitude
ALTDEV,Altitude Deviation
AMB,Ambiguity
AM,Ante Meridiem
APCH,Approach
APCH CTL,Approach Control
APPROX,Approximately
RNAV,Area Navigation
ARR,"Arrival, Arrive"
ASAP,As Soon As Possible
ATTN,Attention
ADI,Attitude Direction Indicator
AUTH,Authority/Authorized
AFSS,Automated Flight Service Station
ARTS,Automated Radar Terminal Systems
ASOS/AWOS,Automated Surface Observation Sys
AUTO,Automatic
ACARS,Automatic Communications Addressing & Reporting System
ADF,Automatic Direction Finder
ALS,Approach Lighting System
ATIS,Automatic Terminal Information Service
AWOS,Automatic Weather Observing/Reporting System
AFDS,Autopilot and Flight Director System
AUX,Auxiliary
APU,Auxiliary Power Unit
AVG,Average
AVGAS,Aviation Gasoline
AME,Aviation Medical Examiner
ASRS,Aviation Safety Reporting System
BC,Back Course
BAL,Balance
BASE OPS,Base Operations Office
BTWN,Between
BVLOS,Beyond Visual Line Of Sight
BFR,Biennial Flight Review
BRITE,Bright Radar Indicator Tower Equipment
BCSTN,Broadcast Station
BKN,Broken
CAB,Cabin Attendant
CA,Captain
CARB,Carburetor
CAT,Category
CRT,Cathode Ray Tube
DH,Decision Height
DVFR,Defense Visual Flight Rules
DEG(S),Degree
DEMO,Demonstration
DEPT(S),Department
DOD,Department Of Defense
DOE,Department Of Energy
DOT,Department Of Transportation
DEP(S),Departure
DSND,Descend
DSCNT,Descent
DEST(S),Destination
DAA,Detect and Avoid
DEV(S),Deviation
DGPS,Differential Global Positioning System
DFDR,Digital Flight Data Recorder
DFGS,Digital Flight Guidance System
DF,Direction Finder
DME,Distance Measuring Equipment
DISTR,Distraction
E,East
EBND,Eastbound
EDT,Eastern Daylight Time
EST,Eastern Standard Time
EMI,Electromagnetic Interference
ECAM,Electronic Centralized Aircraft Monitoring
EFIS,Electronic Flight Instrument System
ESC,Electronic Speed Control
EMER(S),Emergency
ECOA,Emergency Certificate Of Authorization
ELT,Emergency Locator Transmitter
EMS,Emergency Medical Service
ENRTE,En Route
ENG,Engine
EICAS,Engine Indicating and Crew Alerting System
ENGR,Engineer
EQUIP,Equipment
EST,"Estimate, Estimation"
ETA,Estimated Time Of Arrival
ETD,Estimated Time Of Departure
EVAC,Evacuate/Evacuation
EVAL,"Evaluate, Evaluation"
EXAM,Examination
EAC,Expected Approach Clearance
DCU,Data Control Unit
DB,Decibel
C,Celsius
CTR,Center
CADC,Central Air Data Computer
CAWS,Central Aural Warning System
CDT,Central Daylight Time
CPU,Central Processing Unit
CST,Central Standard Time
COA,Certificate Of Authorization
COW,Certificate Of Waiver
CFI,Certified Flight Instructor
CHK,Check
CB,Circuit Breaker
CAP,Civil Air Patrol
CLR,Clear
CAT,Clear Air Turbulence
CLRNC,Clearance
CD,Clearance Delivery
CLB,Climb
CRM,Cockpit Resource Management
CTAF,Common Traffic Advisory Frequency
COM(S),Communication
CBO,Community Based Organization
CGP,Company Ground Personnel
LMM,Compass Locator At ILS Middle Marker
LOM,Compass Locator At ILS Outer Marker
CONFIG,Configuration
CSD,Constant Speed Drive
CTL,Control
CDU,Control Display Unit
CFIT,Controlled Flight Into Terrain
CFTT,Controlled Flight Toward Terrain
CTLR(S),Controller
CIC,Controller In Charge
Z,Coordinated Universal Time
COORD,Coordination
CDI,Course Deviation Indicator
CFR,Crash Fire Rescue Equipment
XCOUNTRY,Cross Country
XING,Crossing
XWIND,Crosswind
EAT,Expected Approach Time
EROPS,Extended Range Operations
ETOPS,Extended Range Twin Operations
GADO,General Aviation District Office
GHZ,Gigahertz
GS,Glideslope
GNS,Global Navigation System
GPS,Global Positioning System
GAR,Go Around
GOV,Government
GMT,Greenwich Mean Time
GND,Ground
GC,Ground Control
GCS,Ground Control Station
GPWS,Ground Proximity Warning System
GND SPD,Ground Speed
FRIA,FAA-Recognized Identification Area
FAC,Facility
FAX,Facsimile
F,Fahrenheit
FAM,Federal Air Marshal
FAA,Federal Aviation Administration
FAR(S),Federal Aviation Regulation
FCC,Federal Communications Commission
FT,Feet/Foot
FPM,Feet Per Minute
FOV,Field Of View
FAF,Final Approach Fix
FO,First Officer
FPV,First Person View
FBO,Fixed-Base Operator
FLT,Flight
FA(S),Flight Attendant
FCDU,Flight Control Data Concentrator
FCU,Flight Control Unit
FLC,Flight Crew
FD,Flight Director
FE(S),Flight Engineer
FGC,Flight Guidance Computer
FGS,Flight Guidance Unit
FLIP,Flight Information Publication
FIDO,Flight Inspection District Office
FL,Flight Level
FMC,Flight Management Computer
FMGC,Flight Management Guidance Computer
FMGS,Flight Management Guidance System
FMS,Flight Management System
FMA,Flight Mode Annunciator
FSS,Flight Service Station
FSS(S),Flight Service Station Specialist
FSDO,Flight Standards District Office
FYI,For Your Information
FOD,Foreign Object Debris
FREQ(S),Frequency
FM,Frequency Modulation
HDOF(S),Handoff
HUD,Head Up Display
HDG(S),Heading
HQ,Headquarters
HVY,Heavy
HGT,Height
QFE,Height Above Airport Elevation
HELI(S),Helicopter
HZ,Hertz
HF,High Frequency
HIALS,High Intensity Approach Light System
HIRL,High Intensity Runway Lights
HWY,Highway
HORIZ(LY),Horizontal
HSI,Horizontal Situation Indicator
HR,Hour
HYD,Hydraulic
ID,Identification
IFF,"Identification, Friend Or Foe"
IDENT,Identify
IAW,In Accordance With
INBND,Inbound
INC,Incorporated
IAS,Indicated Air Speed
IMU,Inertial Measurement Unit
ISDU,Inertial Navigation Display Unit
INS,Inertial Navigation System
IRS/IRU,Inertial Reference System/Unit
INFO,Information
IAF,Initial Approach Fix
IOE,Initial Operating Experience
INOP,Inoperative
ISTR,"Instruct, Instructor"
INST(S),Instrument
IAP,Instrument Approach Procedure
IFR,Instrument Flight Rules
ILS,Instrument Landing System
IMC,Instrument Meteorological Conditions
INTERFAC,Interfacility
IF,Intermediate Fix
INTL,International
IATA,International Air Transport Association
ICAO,International Civil Aviation Organization
IFSS,International Flight Service Station
IRO,International Relief Officer
INTERP,Interpretation
INTXN,Intersection
LLWS,Low Level Wind Shear
LLWAS,Low Level Wind Shear Alert System
M,Mach Number
MAG,Magnetic
MAINT,Maintenance
MGMNT,Management
MGR,Manager
MVFR,Marginal Visual Flight Rules
MCAS,Marine Corps Air Station
MAX,Maximum
MSL,Mean Sea Level
MECH,Mechanic
MF,Medium Frequency
MALS,Medium Intensity Approach Lighting System
MIRL,Medium Intensity Runway Edge Lights
MHZ,Megahertz
MSG,Message
METRO,Metropolitan
MIC,Microphone
MLS,Microwave Landing System
MM,Middle Marker
MI,Mile
MIL,Military
MOA,Military Operating Area
MTR,Military Training Route
MB,Millibars
MCA,Minimum Crossing Altitude
MDA,Minimum Descent Altitude
MEA,Minimum Enroute Altitude
MEL,Minimum Equipment List
MOCA,Minimum Obstruction Clearance Altitude
MSA,Minimum Safe Altitude
MSAW,Minimum Safe Altitude Warning
MVA,Minimum Vector Altitude
MIN(S),Minute(S)
MISC,Miscellaneous
MAP,Missed Approach Point
MCP,Mode Control Panel
MDT,Mountain Daylight Time
KG,Kilogram
KHZ,Kilohertz
KM,Kilometers
KW,Kilowatt
KT(S),Knot(S)
KIAS,Knots Indicated Airspeed
LNDG,Landing
LWOC,Landing Without Clrnc
LZ,Landing Zone
LNAV,Lateral Navigation
LAT,Latitude
L/R,Left/Right
LTSS,Less Than Standard Separation
LTR,Letter
LOA,Letter Of Agreement
LED,Light Emitting Diode
LOS,Line Of Sight
LCD,Liquid Crystal Display
LCL,Local
LC,Local Control
LOC,Localizer
LORAN,Long Range Navigation
LONG,Longitude
LF,Low Frequency
LIRL,Low Intensity Runway Edge Lights
MST,Mountain Standard Time
MFDU,Multi Function Display Unit
MUNI,Municipal
PMC,Pilot Manipulating Controls
PNF,Pilot Not Flying
PIREP(S),Pilot Report
POI,Point Of Interest
POS,Position
PCA,Positive Control Area
PM,Post Meridiem
LB(S),Pound
PWR,Power
PCU,Power Control Unit
PDC,Pre Departure Clearance
PRECIP,Precipitation
PAPI,Precision Approach Path Indicator
PAR,Precision Approach Radar
PVT,Private
PROB(S),Problem
PROC(S),Procedure
PROP(S),Propeller
PROX,Proximity
PA,Public Address
PUB,Publication
NATL,National
NASA,National Aeronautics and Space Administration
NOAA,National Oceanic and Atmospheric Administration
NTSB,National Transportation Safety Board
NWS,National Weather Service
NM,Nautical Mile
NAS,Naval Air Station
NAV,"Navigate, Navigation"
NAVAID,Navigational Aid
NMAC,Near Midair Collision
NORDO,No Radio
NORAC,No Radio Contact
NFCT,Non Federal Control Tower
NDB,Nondirectional Radio Beacon
N,North
NBND,Northbound
NOTAM,Notice to Airmen
QRH,Quick Reference Handbook
RAPCON,Radar Approach Control
RC,Radio Controlled
RDMI,Radio Direction Magnetic Indicator
RF,Radio Frequency
RFI,Radio Frequency Interference
RMI,Radio Magnetic Indicator
RAT,Ram Air Turbine
REF(S),Reference
REG(S),Regulation
RTO,Rejected Takeoff
RPA,Remotely Piloted Aircraft
RA,Resolution Advisory
RESTR,"Restrict, Restricted, Restriction"
RTB,Return to Base
RPM,Revolutions Per Minute
RTE,Route
RAIL,Runway Alignment Indicator Lights
REIL,Runway End Identifier Lights
RVV,Runway Visibility Value
RVR,Runway Visual Range
RWY(S),Runway(S)
ONS,Omega Navigation System
OSD,On-Screen Display
OJT,On-The-Job Training
OP(S),Operation(S)
OPDEV,Operational Deviation
OPERROR,Operational Error
OTS,Out Of Service
OM,Outer Marker
OAT,Outside Air Temperature
OVCST,Overcast
PDT,Pacific Daylight Time
PST,Pacific Standard Time
PAX,Passenger
PLT(S),Pilot
PCL,Pilot Controlled Lighting
PLTDEV,Pilot Deviation
PF,Pilot Flying
PIC,Pilot In Command
SL,Sea Level
SO(S),Second Officer
SELCAL,Selective Calling
SFL,Sequenced Flashing Lights
SVC(S),Service
STOL,Short Takeoff and Landing
SIGMET,Significant Meteorological Information
SIT,Situation
S,South
SBND,Southbound
SVFR,Special Visual Flight Rules
SPEC(S),Specification
SPD,Speed
STAB,Stabilizer
STD,Standard
SID,Standard Instrument Departure
SOP,Standard Operating Procedure
STAR,Standard Terminal Arrival Route
SM,Statute Mile
SUPVR(S),Supervisor
SYS,System
TACAN,Tactical Air Navigation Aid
TKOF(S),Takeoff
TOGW,Takeoff Gross Weight
TXWY,Taxiway
TELCO,Telephone Company
TEMP(S),Temperature
TCA,Terminal Control Area
TRACON,Terminal Radar Approach Control Facility
TRSA,Terminal Radar Service Area
TSTM(S),Thunderstorm
TOC,Top Of Climb
TOD,Top Of Descent
TDZ,Touchdown Zone
TWR(S),Tower
TFC,Traffic
TA,Traffic Advisory
TCAS,Traffic Alert and Collision Avoidance System
TRNG,Training
XMISSION,Transmission
XMIT,Transmit
TX,Transmitter
XPONDER,Transponder
TAS,True Air Speed
TURB,Turbulence
VERT(LY),Vertical
VNAV,Vertical Navigation
VHF,Very High Frequency
VLF,Very Low Frequency
VOR,VFR Omni-Directional Radio Range
VIS,Visibility
VASI,Visual Approach Slope Indicator
VFR,Visual Flight Rules
VMC,Visual Meteorological Conditions
Z,Zulu Time
WX,Weather
WK(S),Week
WT(S),Weight
W,West
WBND,Westbound
WAC,World Aeronautical Chart
